epoch,time,train/box_loss,train/cls_loss,train/dfl_loss,metrics/precision(B),metrics/recall(B),metrics/mAP50(B),metrics/mAP50-95(B),val/box_loss,val/cls_loss,val/dfl_loss,lr/pg0,lr/pg1,lr/pg2
1,30.6463,3.52691,4.10691,1.89694,0.01081,0.6185,0.01068,0.00323,1.7699,3.79845,1.0193,0.00016,0.00016,0.00016
2,39.0809,1.39951,1.93685,0.90093,0.01737,0.99422,0.03703,0.02202,0.95666,3.04944,0.82294,0.000338317,0.000338317,0.000338317
3,46.2323,0.99509,0.9217,0.85626,0.01677,0.95954,0.0321,0.02291,0.92344,2.89576,0.8287,0.000514852,0.000514852,0.000514852
4,52.9617,0.90686,0.77338,0.827,0.01687,0.96532,0.87164,0.59438,0.87541,2.7174,0.82034,0.000689605,0.000689605,0.000689605
5,58.2683,0.80996,0.66841,0.82547,0.01677,0.95954,0.30273,0.18278,0.8043,2.72041,0.81564,0.000862576,0.000862576,0.000862576
6,63.2194,0.79061,0.62661,0.81331,1,0.47345,0.95559,0.69299,0.78136,2.29097,0.80682,0.00103377,0.00103377,0.00103377
7,68.5463,0.76439,0.60986,0.80711,1,0.71074,0.95541,0.62481,0.77478,2.08884,0.808,0.00120317,0.00120317,0.00120317
8,72.5232,0.76902,0.56662,0.8167,1,0.85513,0.95586,0.6928,0.74629,1.70093,0.80173,0.0013708,0.0013708,0.0013708
9,76.5917,0.76595,0.56844,0.81195,0.99838,0.95954,0.95541,0.70311,0.75425,1.31256,0.80712,0.00153664,0.00153664,0.00153664
10,81.3368,0.79524,0.56231,0.81736,0.99821,0.95954,0.95541,0.7195,0.80642,1.29737,0.82252,0.0017007,0.0017007,0.0017007
11,84.3208,0.77486,0.53892,0.82113,0.99703,0.95954,0.95541,0.6817,0.82683,1.2453,0.82317,0.00186298,0.00186298,0.00186298
12,87.4558,0.76584,0.51789,0.81439,0.99803,0.95954,0.95541,0.73505,0.80268,0.88295,0.8198,0.0018911,0.0018911,0.0018911
13,91.1081,0.74802,0.49433,0.81592,0.99884,0.95954,0.95541,0.72929,0.79158,0.73071,0.81237,0.0018812,0.0018812,0.0018812
14,93.3207,0.73453,0.47553,0.81054,1,0.9586,0.9651,0.77179,0.71843,0.56728,0.81129,0.0018713,0.0018713,0.0018713
15,95.8469,0.71571,0.47902,0.81187,0.99994,0.95954,0.96522,0.77449,0.77008,0.49016,0.81733,0.0018614,0.0018614,0.0018614
16,97.968,0.77129,0.49059,0.81647,0.99934,0.95954,0.95608,0.76065,0.71014,0.60001,0.81058,0.0018515,0.0018515,0.0018515
17,100.594,0.73208,0.46987,0.81073,0.99916,0.95954,0.95578,0.79544,0.6893,0.41812,0.80734,0.0018416,0.0018416,0.0018416
18,103.552,0.73036,0.47503,0.80556,1,0.95948,0.95551,0.79959,0.67749,0.45117,0.80717,0.0018317,0.0018317,0.0018317
19,106.082,0.73528,0.47119,0.81625,1,0.95915,0.95547,0.77913,0.71089,0.40446,0.81151,0.0018218,0.0018218,0.0018218
20,108.175,0.70129,0.45272,0.81337,0.99944,0.95954,0.95551,0.80207,0.65122,0.4078,0.80269,0.0018119,0.0018119,0.0018119
21,111.259,0.68301,0.42933,0.79976,0.99919,0.95954,0.9593,0.80828,0.6562,0.41331,0.8011,0.001802,0.001802,0.001802
22,115.21,0.65664,0.41936,0.80346,0.99909,0.95954,0.96104,0.81503,0.622,0.39999,0.79518,0.0017921,0.0017921,0.0017921
23,117.589,0.66607,0.41181,0.79837,0.99944,0.95954,0.95567,0.75336,0.67894,0.39459,0.80571,0.0017822,0.0017822,0.0017822
24,120.551,0.67531,0.41408,0.80076,0.99935,0.95954,0.95745,0.79855,0.65536,0.39166,0.80112,0.0017723,0.0017723,0.0017723
25,122.476,0.68652,0.40864,0.80833,0.99949,0.95954,0.97677,0.80788,0.64641,0.36818,0.80119,0.0017624,0.0017624,0.0017624
26,125.141,0.64834,0.39551,0.799,0.9996,0.95954,0.96956,0.80334,0.678,0.38871,0.80156,0.0017525,0.0017525,0.0017525
27,127.404,0.64917,0.39553,0.80062,0.99959,0.95954,0.96972,0.81165,0.62725,0.37751,0.79723,0.0017426,0.0017426,0.0017426
28,129.775,0.62035,0.37788,0.80259,0.99943,0.95954,0.96468,0.8299,0.59556,0.36366,0.79646,0.0017327,0.0017327,0.0017327
29,132.262,0.62985,0.374,0.80673,0.99931,0.95954,0.96743,0.834,0.58333,0.35546,0.79284,0.0017228,0.0017228,0.0017228
30,134.832,0.61195,0.37773,0.7977,0.99938,0.95954,0.97076,0.82013,0.6288,0.35429,0.79699,0.0017129,0.0017129,0.0017129
31,137.497,0.6337,0.38149,0.79444,0.99933,0.95954,0.96462,0.82146,0.60794,0.36569,0.79658,0.001703,0.001703,0.001703
32,140.771,0.61107,0.36377,0.79881,0.99925,0.95954,0.96432,0.82263,0.60407,0.34235,0.79864,0.0016931,0.0016931,0.0016931
33,143.291,0.6132,0.36279,0.79891,0.99907,0.95954,0.96721,0.84598,0.57336,0.36004,0.7943,0.0016832,0.0016832,0.0016832
34,146.591,0.6253,0.35999,0.80296,0.99982,0.95954,0.96766,0.83887,0.58459,0.32638,0.79583,0.0016733,0.0016733,0.0016733
35,148.98,0.59501,0.3488,0.79945,0.99954,0.95954,0.96766,0.82423,0.64666,0.3451,0.79823,0.0016634,0.0016634,0.0016634
36,151.424,0.61329,0.35365,0.79739,0.99938,0.95954,0.97429,0.80933,0.65223,0.37983,0.79965,0.0016535,0.0016535,0.0016535
37,153.641,0.61235,0.36073,0.79563,0.99942,0.95954,0.97246,0.84156,0.60346,0.33774,0.79635,0.0016436,0.0016436,0.0016436
38,156.071,0.60054,0.34831,0.80219,0.9993,0.95954,0.98243,0.84879,0.59826,0.34352,0.79588,0.0016337,0.0016337,0.0016337
39,158.467,0.59751,0.3386,0.79434,0.99924,0.95954,0.97757,0.86247,0.56093,0.31123,0.79456,0.0016238,0.0016238,0.0016238
40,162.642,0.5956,0.34281,0.79969,0.99951,0.95954,0.98204,0.84506,0.57393,0.33422,0.79393,0.0016139,0.0016139,0.0016139
41,164.716,0.59521,0.33434,0.7974,0.99964,0.95954,0.98253,0.85293,0.58082,0.31913,0.79455,0.001604,0.001604,0.001604
42,167.17,0.61761,0.34792,0.80057,0.98805,0.9711,0.98351,0.83386,0.63726,0.34262,0.79871,0.0015941,0.0015941,0.0015941
43,169.894,0.61834,0.34949,0.80307,0.99917,0.95954,0.97578,0.85888,0.57192,0.34852,0.79283,0.0015842,0.0015842,0.0015842
44,171.903,0.60598,0.34844,0.79357,0.99408,0.97014,0.98042,0.86286,0.5657,0.33946,0.79269,0.0015743,0.0015743,0.0015743
45,174.383,0.59749,0.34368,0.79736,1,0.95751,0.96314,0.84683,0.56425,0.32712,0.79134,0.0015644,0.0015644,0.0015644
46,176.888,0.58722,0.33667,0.79485,1,0.95849,0.96893,0.83999,0.5941,0.3239,0.79772,0.0015545,0.0015545,0.0015545
47,179.38,0.58677,0.33842,0.79741,1,0.95884,0.97217,0.84438,0.60467,0.33714,0.79648,0.0015446,0.0015446,0.0015446
48,181.887,0.59211,0.33291,0.79962,1,0.96397,0.97998,0.85687,0.56584,0.31715,0.79246,0.0015347,0.0015347,0.0015347
49,184.51,0.58022,0.32595,0.79618,0.99305,0.96532,0.97915,0.86625,0.53646,0.31455,0.78878,0.0015248,0.0015248,0.0015248
50,186.923,0.57625,0.332,0.79631,0.9992,0.95954,0.96696,0.85297,0.55626,0.30672,0.7903,0.0015149,0.0015149,0.0015149
51,189.211,0.58138,0.3263,0.79223,0.99861,0.95954,0.97416,0.85251,0.58089,0.31606,0.793,0.001505,0.001505,0.001505
52,192.031,0.59003,0.33106,0.79888,0.99865,0.95954,0.98058,0.84774,0.57959,0.31959,0.79289,0.0014951,0.0014951,0.0014951
53,195.015,0.57733,0.33079,0.79131,0.99929,0.95954,0.97334,0.85066,0.56373,0.31145,0.79128,0.0014852,0.0014852,0.0014852
54,197.495,0.56721,0.31935,0.7944,0.99912,0.95954,0.97786,0.86029,0.56483,0.30595,0.79284,0.0014753,0.0014753,0.0014753
55,200.105,0.58376,0.34212,0.79187,0.99914,0.95954,0.98311,0.86135,0.56005,0.31749,0.79036,0.0014654,0.0014654,0.0014654
56,203.169,0.59299,0.34024,0.79381,0.99936,0.95954,0.97706,0.85127,0.5631,0.34612,0.79497,0.0014555,0.0014555,0.0014555
57,205.947,0.59991,0.3351,0.79577,1,0.95925,0.98062,0.86496,0.54349,0.31394,0.7907,0.0014456,0.0014456,0.0014456
58,208.372,0.58058,0.32621,0.79091,0.9986,0.95954,0.96819,0.85479,0.5432,0.3123,0.79252,0.0014357,0.0014357,0.0014357
59,210.97,0.5903,0.33039,0.80188,0.99902,0.95954,0.96717,0.84446,0.58057,0.31829,0.7949,0.0014258,0.0014258,0.0014258
60,213.601,0.60237,0.3262,0.80164,0.99925,0.95954,0.98165,0.86825,0.55469,0.30576,0.79186,0.0014159,0.0014159,0.0014159
61,216.057,0.59057,0.33061,0.79292,1,0.96468,0.9836,0.86196,0.56425,0.31381,0.79403,0.001406,0.001406,0.001406
62,219.091,0.57434,0.32343,0.78989,0.99953,0.95954,0.97688,0.85688,0.57823,0.31281,0.79435,0.0013961,0.0013961,0.0013961
63,221.844,0.56381,0.31205,0.79421,1,0.96431,0.98285,0.87145,0.55562,0.29721,0.79258,0.0013862,0.0013862,0.0013862
64,224.596,0.5889,0.3172,0.79426,0.99949,0.95954,0.97713,0.86049,0.56331,0.30242,0.79178,0.0013763,0.0013763,0.0013763
65,226.93,0.57959,0.31341,0.79156,1,0.96507,0.98203,0.86192,0.57147,0.30092,0.79289,0.0013664,0.0013664,0.0013664
66,228.979,0.5753,0.31881,0.79519,1,0.9651,0.98327,0.8653,0.56234,0.30207,0.79336,0.0013565,0.0013565,0.0013565
67,231.199,0.57027,0.31374,0.79459,0.99952,0.95954,0.97864,0.86466,0.56042,0.3053,0.79136,0.0013466,0.0013466,0.0013466
68,233.957,0.55723,0.30957,0.78922,0.99954,0.95954,0.98281,0.86782,0.56509,0.30699,0.79398,0.0013367,0.0013367,0.0013367
69,236.76,0.54806,0.30163,0.79417,0.99943,0.95954,0.98158,0.87015,0.54449,0.28907,0.7902,0.0013268,0.0013268,0.0013268
70,239.226,0.55713,0.302,0.78918,0.99945,0.95954,0.97435,0.86311,0.54731,0.29273,0.79067,0.0013169,0.0013169,0.0013169
71,241.632,0.54062,0.29839,0.78666,0.99949,0.95954,0.98275,0.86894,0.55001,0.28667,0.78956,0.001307,0.001307,0.001307
72,243.71,0.54403,0.29957,0.79504,0.99951,0.95954,0.98426,0.87035,0.53838,0.29307,0.7904,0.0012971,0.0012971,0.0012971
73,246.304,0.54712,0.29938,0.7908,0.9996,0.95954,0.98091,0.87174,0.5451,0.29208,0.7907,0.0012872,0.0012872,0.0012872
74,248.991,0.55249,0.30117,0.79581,0.9995,0.95954,0.97637,0.85674,0.58102,0.30821,0.79112,0.0012773,0.0012773,0.0012773
75,251.844,0.56593,0.30685,0.7915,0.99921,0.95954,0.97299,0.86063,0.55667,0.30132,0.79033,0.0012674,0.0012674,0.0012674
76,254.111,0.56266,0.30591,0.79373,0.9993,0.95954,0.98135,0.85937,0.57172,0.30326,0.79222,0.0012575,0.0012575,0.0012575
77,256.365,0.54825,0.30372,0.79331,0.99892,0.95954,0.97589,0.85929,0.55958,0.29656,0.79294,0.0012476,0.0012476,0.0012476
78,259.207,0.5452,0.30411,0.79395,0.99937,0.95954,0.97824,0.85735,0.57377,0.30407,0.79267,0.0012377,0.0012377,0.0012377
79,261.652,0.55178,0.30391,0.79303,0.99327,0.9711,0.98805,0.87799,0.54087,0.29689,0.79012,0.0012278,0.0012278,0.0012278
80,264.294,0.52766,0.28999,0.79174,0.99927,0.95954,0.97885,0.87055,0.54548,0.28275,0.78954,0.0012179,0.0012179,0.0012179
81,266.82,0.54056,0.30141,0.79414,0.99404,0.9647,0.98476,0.8787,0.53313,0.28813,0.7879,0.001208,0.001208,0.001208
82,269.396,0.54174,0.29606,0.78949,1,0.96479,0.99158,0.87667,0.54837,0.28157,0.78992,0.0011981,0.0011981,0.0011981
83,271.892,0.54146,0.29466,0.79682,1,0.96494,0.98562,0.87838,0.55653,0.28918,0.79055,0.0011882,0.0011882,0.0011882
84,274.588,0.5557,0.29979,0.79103,1,0.9649,0.98456,0.87396,0.55578,0.29782,0.79181,0.0011783,0.0011783,0.0011783
85,276.835,0.54152,0.29119,0.79405,1,0.96496,0.98625,0.87458,0.56128,0.28895,0.7915,0.0011684,0.0011684,0.0011684
86,278.912,0.51827,0.28794,0.78907,1,0.96497,0.98579,0.87559,0.53892,0.27706,0.7894,0.0011585,0.0011585,0.0011585
87,281.365,0.52557,0.2913,0.78701,1,0.96481,0.98139,0.86351,0.56086,0.31223,0.7892,0.0011486,0.0011486,0.0011486
88,283.937,0.53573,0.29707,0.80012,0.99916,0.95954,0.97778,0.86522,0.54646,0.28982,0.79024,0.0011387,0.0011387,0.0011387
89,286.568,0.53666,0.29985,0.78803,1,0.96515,0.98303,0.86729,0.55473,0.28773,0.79049,0.0011288,0.0011288,0.0011288
90,288.858,0.53952,0.3006,0.79343,1,0.96476,0.99132,0.87465,0.56531,0.29455,0.79447,0.0011189,0.0011189,0.0011189
91,291.1,0.53949,0.29943,0.79055,0.99411,0.97529,0.99117,0.88045,0.54559,0.29147,0.78954,0.001109,0.001109,0.001109
92,293.435,0.54695,0.30018,0.79237,0.9993,0.95954,0.99198,0.87658,0.55199,0.29655,0.79113,0.0010991,0.0010991,0.0010991
93,297.156,0.53887,0.29079,0.79148,1,0.96507,0.99221,0.87672,0.54518,0.28479,0.7895,0.0010892,0.0010892,0.0010892
94,300.242,0.52842,0.28839,0.78977,0.99926,0.95954,0.99202,0.88284,0.52963,0.27478,0.7902,0.0010793,0.0010793,0.0010793
95,302.589,0.53238,0.28943,0.79425,0.98828,0.97444,0.98547,0.87493,0.54241,0.2882,0.79088,0.0010694,0.0010694,0.0010694
96,304.444,0.52447,0.28743,0.79271,1,0.96495,0.98916,0.88285,0.53205,0.27487,0.78887,0.0010595,0.0010595,0.0010595
97,306.946,0.53188,0.28583,0.7901,1,0.9649,0.98896,0.87377,0.56602,0.29075,0.7912,0.0010496,0.0010496,0.0010496
98,310.173,0.53652,0.28837,0.79471,1,0.97379,0.98953,0.87706,0.5348,0.27877,0.79197,0.0010397,0.0010397,0.0010397
99,312.225,0.52156,0.28521,0.78447,0.99265,0.9711,0.99177,0.88442,0.5211,0.27484,0.7899,0.0010298,0.0010298,0.0010298
100,314.859,0.51768,0.28088,0.78506,0.99851,0.9711,0.99166,0.882,0.53135,0.27699,0.79007,0.0010199,0.0010199,0.0010199
101,317.264,0.52456,0.28181,0.78966,1,0.96469,0.98871,0.87644,0.53898,0.27453,0.79016,0.00101,0.00101,0.00101
102,319.842,0.51654,0.27745,0.78818,0.99946,0.95954,0.98845,0.87669,0.55154,0.28747,0.7896,0.0010001,0.0010001,0.0010001
103,322.488,0.51567,0.27787,0.78693,0.99944,0.95954,0.9846,0.87506,0.53548,0.28013,0.7895,0.0009902,0.0009902,0.0009902
104,325.034,0.51894,0.27594,0.79002,1,0.96497,0.98828,0.87145,0.54142,0.28108,0.78958,0.0009803,0.0009803,0.0009803
105,327.567,0.52355,0.28067,0.79233,0.99949,0.95954,0.98468,0.8744,0.5276,0.26737,0.78856,0.0009704,0.0009704,0.0009704
106,330.366,0.5025,0.27145,0.79041,1,0.96493,0.98866,0.87359,0.55769,0.27168,0.79156,0.0009605,0.0009605,0.0009605
107,332.64,0.52594,0.27957,0.7947,1,0.96489,0.99098,0.88098,0.54027,0.2748,0.79025,0.0009506,0.0009506,0.0009506
108,335.887,0.51377,0.27739,0.78852,0.99939,0.95954,0.97846,0.87293,0.52554,0.26359,0.78904,0.0009407,0.0009407,0.0009407
109,338.277,0.52087,0.27669,0.79215,0.99923,0.95954,0.98226,0.87846,0.54272,0.27706,0.78892,0.0009308,0.0009308,0.0009308
110,340.882,0.51663,0.28251,0.79066,0.99404,0.96452,0.98795,0.87466,0.53536,0.27271,0.78936,0.0009209,0.0009209,0.0009209
111,344.222,0.52756,0.28746,0.78938,0.99404,0.96449,0.98458,0.88042,0.52739,0.27611,0.78915,0.000911,0.000911,0.000911
112,346.287,0.51311,0.28699,0.78251,0.99947,0.95954,0.98306,0.87791,0.53922,0.26986,0.7906,0.0009011,0.0009011,0.0009011
113,349.42,0.50486,0.27753,0.78795,0.99955,0.95954,0.97964,0.87524,0.53707,0.27472,0.79071,0.0008912,0.0008912,0.0008912
114,351.901,0.50366,0.27429,0.79475,0.99949,0.95954,0.97823,0.87334,0.53232,0.26745,0.7882,0.0008813,0.0008813,0.0008813
115,354.675,0.51021,0.27668,0.7845,0.99951,0.95954,0.98887,0.87319,0.55331,0.28048,0.79172,0.0008714,0.0008714,0.0008714
116,357.18,0.50227,0.27907,0.78456,1,0.97034,0.99236,0.87605,0.54637,0.2733,0.79058,0.0008615,0.0008615,0.0008615
117,359.458,0.50754,0.27891,0.78714,1,0.96505,0.98931,0.88426,0.53931,0.27407,0.78976,0.0008516,0.0008516,0.0008516
118,361.999,0.49821,0.27026,0.79246,1,0.97024,0.98871,0.87057,0.57151,0.28254,0.79299,0.0008417,0.0008417,0.0008417
119,364.709,0.51246,0.27805,0.78453,1,0.97034,0.98888,0.87295,0.54626,0.27192,0.78955,0.0008318,0.0008318,0.0008318
120,367.14,0.50352,0.27407,0.7849,0.99949,0.95954,0.97898,0.8639,0.53203,0.27284,0.78803,0.0008219,0.0008219,0.0008219
121,369.744,0.49504,0.26736,0.78881,0.99951,0.95954,0.98309,0.87342,0.53389,0.27036,0.78773,0.000812,0.000812,0.000812
122,372.415,0.50455,0.27624,0.78346,1,0.96506,0.99145,0.88413,0.52367,0.26861,0.78753,0.0008021,0.0008021,0.0008021
123,374.714,0.50808,0.27267,0.78968,0.99946,0.95954,0.98747,0.8839,0.51561,0.26551,0.78676,0.0007922,0.0007922,0.0007922
124,377.259,0.50811,0.26936,0.78677,0.99883,0.95954,0.9785,0.86915,0.54057,0.26881,0.78861,0.0007823,0.0007823,0.0007823
125,379.895,0.49702,0.27532,0.77778,0.99931,0.95954,0.98249,0.86822,0.57457,0.28828,0.79258,0.0007724,0.0007724,0.0007724
126,382.525,0.52038,0.28274,0.78709,1,0.96506,0.98902,0.87294,0.55406,0.28146,0.78926,0.0007625,0.0007625,0.0007625
127,384.721,0.49761,0.27104,0.78642,1,0.96513,0.98519,0.87946,0.53248,0.26743,0.7885,0.0007526,0.0007526,0.0007526
128,386.938,0.48881,0.26243,0.7892,0.99955,0.95954,0.982,0.87388,0.53706,0.26801,0.78751,0.0007427,0.0007427,0.0007427
129,389.494,0.49127,0.26177,0.78947,1,0.96496,0.97974,0.87589,0.52935,0.25299,0.78775,0.0007328,0.0007328,0.0007328
130,392.418,0.50712,0.27057,0.78687,1,0.96509,0.98293,0.88031,0.53268,0.26551,0.78785,0.0007229,0.0007229,0.0007229
131,395.097,0.49557,0.26478,0.78249,0.99947,0.95954,0.98335,0.87759,0.5251,0.26304,0.78765,0.000713,0.000713,0.000713
132,397.939,0.48195,0.25909,0.78523,1,0.96517,0.98648,0.88299,0.52321,0.26085,0.78576,0.0007031,0.0007031,0.0007031
133,400.579,0.49364,0.26656,0.78361,1,0.9701,0.98423,0.87473,0.56443,0.27066,0.79098,0.0006932,0.0006932,0.0006932
134,403.273,0.4979,0.26462,0.78614,1,0.97017,0.98977,0.87948,0.56555,0.26973,0.79069,0.0006833,0.0006833,0.0006833
135,405.908,0.49514,0.25936,0.78673,1,0.96481,0.98398,0.87661,0.55579,0.26856,0.79017,0.0006734,0.0006734,0.0006734
136,408.242,0.49164,0.26502,0.78479,1,0.96492,0.98375,0.88689,0.52691,0.26162,0.78699,0.0006635,0.0006635,0.0006635
137,410.792,0.48993,0.25921,0.78601,1,0.97008,0.98624,0.88544,0.51994,0.25827,0.78669,0.0006536,0.0006536,0.0006536
138,414.174,0.50141,0.26482,0.79087,1,0.97003,0.98428,0.87721,0.53931,0.25854,0.78824,0.0006437,0.0006437,0.0006437
139,416.542,0.49189,0.2631,0.78784,1,0.97004,0.98648,0.88026,0.53637,0.25721,0.78991,0.0006338,0.0006338,0.0006338
140,419.235,0.47477,0.2503,0.78625,0.99956,0.95954,0.97779,0.87693,0.51634,0.25011,0.78755,0.0006239,0.0006239,0.0006239
141,422.209,0.49057,0.26143,0.79099,1,0.96522,0.98585,0.88327,0.52903,0.25761,0.78814,0.000614,0.000614,0.000614
142,424.52,0.50748,0.26898,0.78248,1,0.96519,0.98884,0.8843,0.52055,0.25341,0.78799,0.0006041,0.0006041,0.0006041
143,427.014,0.49451,0.26239,0.78452,0.99942,0.95954,0.98142,0.86974,0.52564,0.26342,0.78771,0.0005942,0.0005942,0.0005942
144,429.748,0.47748,0.25773,0.7872,0.99998,0.96532,0.98615,0.87719,0.53466,0.2617,0.78728,0.0005843,0.0005843,0.0005843
145,433.057,0.48953,0.26049,0.78955,0.99952,0.95954,0.98574,0.87866,0.53907,0.26221,0.78888,0.0005744,0.0005744,0.0005744
146,436.057,0.49768,0.26248,0.78917,1,0.96525,0.9862,0.87767,0.53698,0.26035,0.78855,0.0005645,0.0005645,0.0005645
147,438.645,0.48112,0.25501,0.78938,0.99947,0.9711,0.99254,0.88786,0.52328,0.25344,0.78672,0.0005546,0.0005546,0.0005546
148,441.358,0.48744,0.26059,0.78754,0.99949,0.95954,0.98213,0.87559,0.52308,0.24833,0.78689,0.0005447,0.0005447,0.0005447
149,443.65,0.47581,0.24782,0.78799,1,0.96512,0.98422,0.87535,0.53025,0.25252,0.78721,0.0005348,0.0005348,0.0005348
150,446.121,0.48413,0.25777,0.78969,1,0.96493,0.98983,0.87664,0.53942,0.25494,0.78876,0.0005249,0.0005249,0.0005249
151,448.841,0.47861,0.25762,0.78351,0.9991,0.9711,0.99263,0.88518,0.51922,0.25849,0.78671,0.000515,0.000515,0.000515
152,451.454,0.47883,0.25486,0.7884,0.99944,0.95954,0.97819,0.8717,0.51869,0.25244,0.78797,0.0005051,0.0005051,0.0005051
153,453.887,0.4768,0.25357,0.78566,0.99951,0.95954,0.97956,0.87849,0.51714,0.24853,0.78781,0.0004952,0.0004952,0.0004952
154,456.621,0.48525,0.25726,0.78012,0.99959,0.95954,0.98573,0.88014,0.52017,0.25586,0.7878,0.0004853,0.0004853,0.0004853
155,459.304,0.4727,0.25559,0.78402,0.99957,0.95954,0.98448,0.88036,0.52005,0.24929,0.78729,0.0004754,0.0004754,0.0004754
156,461.655,0.46816,0.2539,0.78518,1,0.96498,0.98602,0.88304,0.51274,0.25904,0.78691,0.0004655,0.0004655,0.0004655
157,464.486,0.48388,0.25867,0.78377,0.99951,0.95954,0.98596,0.88445,0.52515,0.25802,0.78703,0.0004556,0.0004556,0.0004556
158,467.018,0.46198,0.24918,0.78511,0.9995,0.95954,0.98368,0.88416,0.52677,0.25416,0.78854,0.0004457,0.0004457,0.0004457
159,469.633,0.46721,0.24935,0.78355,1,0.96481,0.98984,0.88576,0.51982,0.25167,0.787,0.0004358,0.0004358,0.0004358
160,472.421,0.46854,0.25173,0.78926,1,0.96481,0.98648,0.88132,0.53862,0.25659,0.78893,0.0004259,0.0004259,0.0004259
161,475.227,0.46934,0.25219,0.78188,0.9908,0.9711,0.99344,0.88557,0.54838,0.25557,0.78856,0.000416,0.000416,0.000416
162,477.819,0.46822,0.2464,0.78493,0.99939,0.95954,0.99149,0.87947,0.52902,0.2537,0.78821,0.0004061,0.0004061,0.0004061
163,481.008,0.47535,0.24911,0.78923,0.99943,0.95954,0.98289,0.87495,0.53257,0.26028,0.7876,0.0003962,0.0003962,0.0003962
164,485.485,0.47119,0.2449,0.78834,0.99951,0.95954,0.98562,0.87792,0.54532,0.25055,0.7888,0.0003863,0.0003863,0.0003863
165,488.115,0.47144,0.2482,0.79337,0.99947,0.95954,0.98607,0.88479,0.5331,0.25596,0.78748,0.0003764,0.0003764,0.0003764
166,490.897,0.46497,0.24515,0.78097,0.99948,0.95954,0.98894,0.88589,0.5113,0.24706,0.7857,0.0003665,0.0003665,0.0003665
167,493.751,0.46477,0.2441,0.78715,1,0.96497,0.98062,0.87743,0.52813,0.24442,0.78766,0.0003566,0.0003566,0.0003566
168,497.006,0.46816,0.24176,0.78747,1,0.96498,0.98613,0.87908,0.52171,0.24694,0.78766,0.0003467,0.0003467,0.0003467
169,500.474,0.45868,0.23951,0.78218,0.99907,0.97688,0.99264,0.88805,0.5263,0.25158,0.78824,0.0003368,0.0003368,0.0003368
170,504.156,0.47749,0.24607,0.78928,1,0.96504,0.98957,0.88505,0.52873,0.24745,0.78722,0.0003269,0.0003269,0.0003269
171,507.438,0.4602,0.2419,0.78516,1,0.9651,0.99202,0.88695,0.51331,0.24633,0.78631,0.000317,0.000317,0.000317
172,510.185,0.47409,0.24849,0.78064,1,0.96509,0.98955,0.88164,0.51674,0.24318,0.78617,0.0003071,0.0003071,0.0003071
173,514.415,0.46551,0.24149,0.78397,0.99885,0.9711,0.99256,0.88678,0.52551,0.24734,0.78752,0.0002972,0.0002972,0.0002972
174,517.875,0.45926,0.24147,0.78214,0.99878,0.9711,0.99246,0.8847,0.52466,0.24702,0.78737,0.0002873,0.0002873,0.0002873
175,520.508,0.45772,0.23696,0.78536,0.99919,0.9711,0.98932,0.87998,0.53027,0.24585,0.78855,0.0002774,0.0002774,0.0002774
176,522.967,0.45984,0.24297,0.7845,0.99863,0.9711,0.98919,0.88155,0.53427,0.24819,0.78793,0.0002675,0.0002675,0.0002675
177,525.693,0.45787,0.23837,0.78496,1,0.96499,0.98552,0.87862,0.52351,0.2459,0.78614,0.0002576,0.0002576,0.0002576
178,528.905,0.46772,0.2481,0.78305,1,0.96934,0.99137,0.87986,0.53298,0.24486,0.78746,0.0002477,0.0002477,0.0002477
179,532.173,0.45368,0.23623,0.78092,0.9978,0.9711,0.99204,0.88613,0.5185,0.24117,0.78715,0.0002378,0.0002378,0.0002378
180,535.424,0.46244,0.23818,0.78549,0.99846,0.9711,0.9895,0.88264,0.52157,0.2463,0.78693,0.0002279,0.0002279,0.0002279
181,538.526,0.45687,0.23735,0.78907,1,0.96503,0.98947,0.88546,0.51498,0.24085,0.78609,0.000218,0.000218,0.000218
182,541.659,0.43909,0.23232,0.78412,1,0.96505,0.98663,0.8829,0.51221,0.24221,0.78575,0.0002081,0.0002081,0.0002081
183,545.154,0.44567,0.235,0.78408,1,0.96505,0.98955,0.88431,0.5226,0.24111,0.78674,0.0001982,0.0001982,0.0001982
184,548.906,0.44543,0.23953,0.77843,1,0.96506,0.98945,0.87807,0.52753,0.24298,0.78655,0.0001883,0.0001883,0.0001883
185,551.941,0.4385,0.23411,0.78399,1,0.96504,0.98667,0.88101,0.52846,0.24182,0.78682,0.0001784,0.0001784,0.0001784
186,554.717,0.44517,0.23099,0.78541,1,0.96507,0.9865,0.87984,0.53284,0.24521,0.7879,0.0001685,0.0001685,0.0001685
187,558.977,0.43779,0.2323,0.78069,1,0.96504,0.99181,0.88203,0.53272,0.24239,0.78902,0.0001586,0.0001586,0.0001586
188,561.74,0.44644,0.23118,0.7811,1,0.96489,0.99209,0.88393,0.53582,0.2434,0.78904,0.0001487,0.0001487,0.0001487
189,564.605,0.43728,0.23135,0.78483,1,0.96523,0.99375,0.89101,0.52631,0.24144,0.78809,0.0001388,0.0001388,0.0001388
190,567.48,0.44595,0.23318,0.78478,0.99216,0.9711,0.99237,0.88131,0.53137,0.24136,0.78838,0.0001289,0.0001289,0.0001289
191,591.686,0.44682,0.23387,0.7914,0.99236,0.9711,0.99314,0.87936,0.53435,0.2398,0.78798,0.000119,0.000119,0.000119
192,601.588,0.42708,0.22456,0.78066,0.99927,0.95954,0.98797,0.87419,0.53497,0.24702,0.78765,0.0001091,0.0001091,0.0001091
193,609.807,0.43635,0.22694,0.7872,0.9993,0.95954,0.9834,0.8772,0.53708,0.24277,0.78846,9.92e-05,9.92e-05,9.92e-05
194,617.442,0.42384,0.22058,0.78689,0.99937,0.95954,0.98346,0.87574,0.53219,0.23934,0.78709,8.93e-05,8.93e-05,8.93e-05
195,624.621,0.4286,0.22196,0.77592,0.99939,0.95954,0.98321,0.87226,0.54338,0.24469,0.78808,7.94e-05,7.94e-05,7.94e-05
196,630.32,0.42581,0.2218,0.78715,0.99941,0.95954,0.98351,0.87177,0.53951,0.24245,0.7882,6.95e-05,6.95e-05,6.95e-05
197,635.685,0.42974,0.22476,0.7791,0.99939,0.95954,0.98357,0.87351,0.52714,0.23539,0.78733,5.96e-05,5.96e-05,5.96e-05
198,641.559,0.41304,0.21662,0.78335,0.99944,0.95954,0.98348,0.87117,0.53777,0.24331,0.78821,4.97e-05,4.97e-05,4.97e-05
199,648.161,0.41343,0.21589,0.78784,0.99946,0.95954,0.98338,0.87202,0.53662,0.23828,0.78779,3.98e-05,3.98e-05,3.98e-05
200,652.761,0.41605,0.21575,0.77514,1,0.96492,0.98613,0.87545,0.52926,0.23705,0.78733,2.99e-05,2.99e-05,2.99e-05
